Venue,Review ID,review,Tone,Review URL,,,Venue,Review ID,review,Tone,Review URL,,,Venue,Review ID,review,Tone,Review URL
Publons,DOM-19-1315-OP.R1,None,3,https://publons.com/wos-op/review/7597743,,,,,,,,,,,,,,
Publons,DOM-21-0017-BR.R1,"The authors have indeed confirmed the results obtained in this sub-study are exploratory at their best, thus confirming my initial concerns.",4,https://publons.com/wos-op/review/10675916,,,,,,,,,,,,,,
 ShitMyReviews,,In order to be able to publish this manuscript it need [sic] to be rewritten in the form of a scientific article,3,,,,,,,,,,,,,,,
 ShitMyReviews,,I started to review this but could not get much past the abstract,2,,,,,,,,,,,,,,,
ICLR,Hymt27b0Z_R3,More details should be provided on the results presented in table 3 .,3,,,,,,,,,,,,,,,
ICLR,rkeDJ04Mf_R3,I believe this paper to be borderline .,2,,,,,,,,,,,,,,,
ICLR,HyrCWeWCb_R1,The paper leverages a novel method in determining the coefficient of relative entropy .,3,,,,,,,,,,,,,,,
ICLR,B13njo1R-_R2,"- Although the main focus of this paper is on continual learning of related tasks , the authors acknowledge this limitation and convincingly argue for the chosen task domain .",4,,,,,,,,,,,,,,,
 ShitMyReviews,,"The opinion expressed in the MS is highly biased and patriotically motivated, and is not suitable for publication in this journal.",5,,,,,,,,,,,,,,,
ICLR,B12Js_yRb_R3,I believe the overall contribution is not sufficient for ICLR .,2,,,,,,,,,,,,,,,
ICLR,B1KJJf-R-_R1,It would be good to possibly add another encoder network to see if encoding the examples as well help improve the accuracy .,3,,,,,,,,,,,,,,,
ICLR,Hymt27b0Z_R1,"Many of the methods make assumptions for the theoretical analysis - in practice , some , if not most of them work well even when the assumptions do not hold .",3,,,,,,,,,,,,,,,
 ShitMyReviews,,"There is an over-reliance on sophisticated statistics at the expense of good old fashioned, scientific thought",3,,,,,,,,,,,,,,,
ICLR,HyrCWeWCb_R1,Pros : - The paper is well written and clear .,3,,,,,,,,,,,,,,,
 ShitMyReviews,,Some papers are a pleasure to read. This is not one of them.,2,,,,,,,,,,,,,,,
 ShitMyReviews,,"I hope you update soon, because I really wanna know what happens next, and how far you are willing to take the potential deconstruction.",4,,,,,,,,,,,,,,,
 ShitMyReviews,,"Like Dr Who's Tardis, the inside of the paper is bigger than the outside.",1,,,,,,,,,,,,,,,
 ShitMyReviews,,(although I admit that here is a possibility they might turn out to be correct in that they are guessing right),2,,,,,,,,,,,,,,,
ICLR,ryserbZR-_R2,"Results are not always too impressive , but authors seem intent on making them useful for pathogists in practice ( an intention that is always worth the effort ) .",4,,,,,,,,,,,,,,,
 ShitMyReviews,,This paper is so bad I cannot even reject it!,2,,,,,,,,,,,,,,,
ICLR,HypkN9yRW_R2,"So , if no fork module is required for a question , the model architecture is effectively same as IEP ?",3,,,,,,,,,,,,,,,
 ShitMyReviews,,The supportive tone of this review... took some effort.,2,,,,,,,,,,,,,,,
ICLR,HypkN9yRW_R1,"References : - Socher , R . , Lin , C . , Ng , A.Y . , Manning , C.D . Parsing Natural Scenes and Natural Language with Recursive Neural Networks .",3,,,,,,,,,,,,,,,
 ShitMyReviews,,The map on the article is entirely unscientific. The data itself is also very dubious.,4,,,,,,,,,,,,,,,
ICLR,B18WgG-CZ_R2,This paper isnt especially novel .,4,,,,,,,,,,,,,,,
NIPS,403,"The current advances in neural networks have amazing experimental results but they lack good theoretical understanding. This paper is another attempt in linking some neural networks to methods of statistical physics (see e.g. also âThe Loss Surfaces of Multilayer Networksâ, Choromanska et al., AISTATS 2015).  The paper has several very interesting ideas, derivations, and insights, even though the final results are not overwhelming.",4,,,,,,,,,,,,,,,
 ShitMyReviews,,The results are new but were predictable.,3,,,,,,,,,,,,,,,
 ShitMyReviews,,The project is lack of interest.,3,,,,,,,,,,,,,,,
ICLR,B1D6ty-A-_R2,The authors seem to use the idea that solving a GLM problem is a quasi convex optimization problem .,3,,,,,,,,,,,,,,,
 ShitMyReviews,,It is always rather pleasant to recommend that a paper be rejected.,3,,,,,,,,,,,,,,,
ICLR,B1IDRdeCW_R2,"Besides , [ a ] has also shown a carefully designed post processing binary network can already give very good performance .",3,,,,,,,,,,,,,,,
ICLR,SySpa-Z0Z_R2,"Authors claim that quote "" As for the determinant of the covariance matrix of Gaussian Process , we cannot easily evaluate or derive its gradient , so we do not include it in our computation . """,3,,,,,,,,,,,,,,,
ICLR,SySaJ0xCZ_R3,"Misc : Tables 3 and 4 would be easier to parse if resources were simply reported in terms of total GPU hours . """,4,,,,,,,,,,,,,,,
ICLR,HJLPel-CW_R3,"Style transfer has two key components , the first is how well it is transferred to the target style ; second is how well it preserves the original contents .",3,,,,,,,,,,,,,,,
 ShitMyReviews,,"This is an outline of a paper, and not a fully-thought, well-organized, thoroughly-discussed paper. Maybe because it's a graduate student conference the author decided not to put any time into writing a quality paper that would be accepted in an academic journal.",2,,,,,,,,,,,,,,,
ICLR,Hymt27b0Z_R2,"Figure 1 is hard to read , I suggest the authors try to come up with a more legible plot .",3,,,,,,,,,,,,,,,
 ShitMyReviews,,The author gives the impression of having had some mathematical training.,2,,,,,,,,,,,,,,,
 ShitMyReviews,,"The abstract proposes the identification of requirements of a future digital infrastructure based on intelligent transportation systems (whatever this is). However, this aim is not fulfilled by the paper'",4,,,,,,,,,,,,,,,
 ShitMyReviews,,My summary assessment of the paper is as follows:Introduction: PoorBackground: PoorMethods: PoorResults: PoorDiscussion: PoorConclusions: Poor Overall assessment: PoorRecommendation: RejectFurther Comments: Why was this submitted to a journal?,2,,,,,,,,,,,,,,,
 ShitMyReviews,,"It is difficult to see the merits of this proposal, and it is doubtful whether the author has the necessary command of primary and secondary sources to contribute anything to this area of research",4,,,,,,,,,,,,,,,
ICLR,HypkN9yRW_R2,"In Figure 4 , why are the LSTM32/128 curves different for Length 10 and Length 30 till subproblem index 10 ?",3,,,,,,,,,,,,,,,
 ShitMyReviews,,(on a computer simulation paper) 'Did you use software?',2,,,,,,,,,,,,,,,
 ShitMyReviews,,This book has more mistakes than a hound has fleas,3,,,,,,,,,,,,,,,
Publons,VMS3-2021-Jan-0035,"The manuscript is well witten, with minor grammatical mistakes which can be improved by a thorough proofreading.  
 I could not find the final version of the questionnaire survey, which if the author can add will be appreciated.  
 Overall a well planned and relevant manuscript.",4,https://publons.com/wos-op/review/11060990,,,,,,,,,,,,,,
ICLR,B1NGT8xCZ_R2,"Although the paper gives some justiification why auto encoder can work for domain adaptation from perspective of probalistics model , it does not give new formulation or algorithm to handle domain adaptation .",3,,,,,,,,,,,,,,,
Publons,DOM-21-0882-OP.R1,Thank you for your answer! I have no comments to add,5,https://publons.com/wos-op/review/12939491,,,,,,,,,,,,,,
 ShitMyReviews,,"First, unless my statistics is failing me, a less than 1.0 SD is not significant.",1,,,,,,,,,,,,,,,
Publons,JCOP-20-035.R1,"The article has social and academic relevance on a topic that has not yet been investigated in the Brazilian context. 
 This study provides data that contribute to the area in question and may contribute to future scientific interventions. 
 Thus, I believe that the changes made by the authors contributed to the theoretical and methodological improvement of the referred manuscript.",4,https://publons.com/wos-op/review/7815183,,,,,,,,,,,,,,
 ShitMyReviews,,"""I am not inclined towards suggesting acceptance, simply because I have not enough elements to do so.â€Significance: 7/10 Soundness: 8/10 Theoretical and Empirical Analysis: 8/10 Presentation: 9/10",3,,,,,,,,,,,,,,,
ICLR,HymuJz-A-_R2,"After all , when we humans generalize to understanding relationships , exactly what variability is present in our "" training sets "" as compared to our "" testing "" situations ?",3,,,,,,,,,,,,,,,
Publons,DOM-20-0633-RA.R2,No further comments.,3,https://publons.com/wos-op/review/8723291,,,,,,,,,,,,,,
Publons,DOM-20-0001-OP.R1,"Very nice and important study. It would be interesting to see whether adding low dose of metformin to steroid inhalers as a preventive measure for insulin resistance, could alter this outcome.",4,https://publons.com/wos-op/review/7529337,,,,,,,,,,,,,,
 ShitMyReviews,,The interchangeably use of evaluate and validate is a concern because it is not clear if authors know the difference between these two 'verbs',3,,,,,,,,,,,,,,,
 ShitMyReviews,,It feels a little bit like someone wanting to run a series of statistics.,3,,,,,,,,,,,,,,,
 ShitMyReviews,,I would refrain from using enumerations in your paper and instead encourage you to think about the deep masculinism that comes with,2,,,,,,,,,,,,,,,
ICLR,B17JTOe0-_R3,Good and your research are just two complementary lines of work .,1,,,,,,,,,,,,,,,
ICLR,B1KFAGWAZ_R2,"To make the paper stronger and justify importance of the proposed architecture , I suggest authors to consider relaxing assumptions on the communication protocol to allow delayed and/or noisy communication ( including gradients ) .",4,,,,,,,,,,,,,,,
ICLR,HylgYB3pZ_R3,"When the network is trained for several iterations and becomes more settled , it is not clear how "" angle affect "" affects gradient vanishing problem .",3,,,,,,,,,,,,,,,
NIPS,478,"Interesting concept but not sure how relatively valuable the contribution is. Quality of the writing is good and creativity of the idea. No issues with novelty and clarity, and the authors have addressed data concerns with comparable experiments within the similar category. Some concerns with the data have already been outlined by the authors. It would have been nice to read further suggestions or solutions to address those concerns.",4,,,,,,,,,,,,,,,
Publons,ITEES-19-1560,"Nomenclature sections should be included. 
 3. The results should be more clarity to express what contribution in the industry sector and academic field with this research by considering all the studies. 
 4. What the significant findings/contributions are and why this paper is really important have not presented properly.",3,https://publons.com/wos-op/review/6018416,,,,,,,,,,,,,,
ICLR,ryykVe-0W_R3,"As the input/output densities are often not known and/or are intractable , natural independence measures such as mutual information are hard to estimate .",3,,,,,,,,,,,,,,,
ICLR,Hyp3i2xRb_R2,E.g . the addition tasks and s MNIST tasks are not as good as those reported in [ 1 ] .,3,,,,,,,,,,,,,,,
ICLR,B1i7ezW0-_R2,3 . The experimental results are not so convincing .,4,,,,,,,,,,,,,,,
ICLR,B14TlG-RW_R2,I like the idea of data augmentation with paraphrasing .,4,,,,,,,,,,,,,,,
 ShitMyReviews,,The authors should at least try to read some of the previous work in the field before attempting to solve our problems.,2,,,,,,,,,,,,,,,
ICLR,rytNfI1AZ_R2,They add a few tricks to keep the optimization numerically efficient .,3,,,,,,,,,,,,,,,
 ShitMyReviews,,"Putting it unfairly perhaps, and I am sure this is not what is meant, but one ungenerous reading of the proposal is..'",2,,,,,,,,,,,,,,,
ICLR,B14uJzW0b_R2,The aurthors doesnt seem to be relevant to the results of this paper ( because the idea proposed in this paper is rather small ) .,2,,,,,,,,,,,,,,,
Publons,ITEES-20-0375,"Please note that you should summarize the existing research gaps, and then clarify the original contributions of the present work. The contribution of the work should be stated clearly. Also please note that heuristic methods were well elaborated in the literature and providing non-heuristic methods is the main interest.",5,https://publons.com/wos-op/review/7751572,,,,,,,,,,,,,,
NIPS,603,"This paper provides theoretical analysis for effect of perturbations on network performance. In addition it also provides way of integrating these properties with network training by using them as a additional training loss. The paper is very well written, analysis are very clear and theorems are well organized and easy to read. Good job!",5,,,,,,,,,,,,,,,
 ShitMyReviews,,"This application for a postdoctoral fellowship has few strengths other than the applicant's dogged and stubborn effort to do studies he conceptualized much earlier in his career and for which he has struggled to find a home. ... His letters of recommendation contain, at best, faint praise and mainly focus on his stubborn determination to pursue his long-term goal.",2,,,,,,,,,,,,,,,
ICLR,HypkN9yRW_R1,The task isnt very challenging to learn because all the stack operations are already given .,2,,,,,,,,,,,,,,,
ICLR,SySpa-Z0Z_R1,"There are a number of typos and oversights : - Abstract : "" variation dropout "" - Section 2 : - x is never used - m in b = m + sigmaepsilon is never defined ( is it the x above ? ) - In Section 3.2 , equation 11 subscript of x i is missing - Section 6 , Ungrammatical sentence : "" Even though L 2 ..."" """,3,,,,,,,,,,,,,,,
ICLR,SySpa-Z0Z_R1,"The experiments demonstrate small but consistent gains with ANR across a number of domains ( Language modelling on small datasets , plus image classification ) and baseline models .",4,,,,,,,,,,,,,,,
ICLR,B12Js_yRb_R1,"I would recommend the authors to use something more general , like graph convolutional neural networks or graph gated neural networks.",4,,,,,,,,,,,,,,,
ICLR,B1D6ty-A-_R2,"2 . Theorem 3.4 , 3.5 establish SLQC properties with generalized RELU activations .",3,,,,,,,,,,,,,,,
 ShitMyReviews,,"This is a disaster. I could continue, but you see my point. You do seem to have a story in mind, but you do a poor job at presenting it.",1,,,,,,,,,,,,,,,
 ShitMyReviews,,"I'm disappointed to say, given the outstanding pedigree of the authors of this paper, that it adds nothing to earlier research.",4,,,,,,,,,,,,,,,
ICLR,ryzm6BATZ_R3,""" Summary : The paper extends the the recently proposed Boundary Equilibrium Generative Adversarial Networks ( BEGANs ) , with the hope of generating images which are more realistic .",3,,,,,,,,,,,,,,,
ICLR,rytstxWAW_R1,Additionally I had a brief discussion with the authors regarding some aspects of their probabilistic framework .,4,,,,,,,,,,,,,,,
ICLR,HypkN9yRW_R2,What are they ?,3,,,,,,,,,,,,,,,
ICLR,HypkN9yRW_R3,It is not clear why is machine learning needed for the RPN task ?,3,,,,,,,,,,,,,,,
 ShitMyReviews,,Please use something in parenthesis so your reader doesn't have to take a break from reviewing your work to Google it,5,,,,,,,,,,,,,,,
 ShitMyReviews,,"the correlations are not that strong (e.g., p = .022)",3,,,,,,,,,,,,,,,
 ShitMyReviews,,"The authors are permitted to believe what they want to, but the data did not support ""important implications.â€",3,,,,,,,,,,,,,,,
ICLR,HymuJz-A-_R3,"- t The paper describes two sets of relationships , but it soon suggests that current approaches actually struggle in Same Different relationships .",3,,,,,,,,,,,,,,,
 ShitMyReviews,,"As I understand it, you already have good evidence (you've said as much on Facebook). There's no reason to leave this as an open question when you know the answer.",2,,,,,,,,,,,,,,,
 ShitMyReviews,,"This paper is definitely not suitable to PNAS, or, for that matter to any other journal.",4,,,,,,,,,,,,,,,
ICLR,Hyp3i2xRb_R3,""" Recurrent orthogonal networks and long memory tasks . """,3,,,,,,,,,,,,,,,
 ShitMyReviews,,A blizzard of extraneous data external information should be culled.,2,,,,,,,,,,,,,,,
ICLR,SySpa-Z0Z_R2,Pros : - empirical improvements shown on two different classes of problems .,4,,,,,,,,,,,,,,,
ICLR,B1IDRdeCW_R3,"In general , I think the paper is written clearly and in detail .",3,,,,,,,,,,,,,,,
ICLR,rywHCPkAW_R3,"This definitely looks like a worthy direction of research , and experiments are convincing enough to show that the proposed algorithms indeed improve on their baseline version .",5,,,,,,,,,,,,,,,
 ShitMyReviews,,"Strictly speaking, the manuscript shall be rejected in its current form if submitted for a journal.",4,,,,,,,,,,,,,,,
 ShitMyReviews,,Some idea of strategies to define general populations for studies might be helpful both to the reader and to help the authors avoid their meaningless generalities.,4,,,,,,,,,,,,,,,
ICLR,HymuJz-A-_R3,"- t The authors bring a good point on the limitations of the SVRT dataset mainly being the difficulty to compare visual relations due to the difference of image structures on the different relational tasks and the use of simple closed curves to characterize the relations , which make it difficult to quantify the effect of image variability on the task .",4,,,,,,,,,,,,,,,
 ShitMyReviews,,"[REDACTED]'s talks are popular, but then so are Ke$ha concerts.",2,,,,,,,,,,,,,,,
 ShitMyReviews,,is 'bisexuals' referring to the entire sample or those who identify solely as bisexual?,3,,,,,,,,,,,,,,,
NIPS,589,"This paper is interesting and shows some meaningful results for understanding the loss landscape of deep CNNs. However, I do not feel the contribution of a visualization technique is sufficient. Instead of applying the proposed technique to explain the well-known models (and some conclusions are also well-known in deep learning community), it will make the paper stronger if the paper can investigate some new model architectures or loss functions.",3,,,,,,,,,,,,,,,
ICLR,B1CNpYg0-_R2,None of these ideas are new before but I havent seen copying this blindly before .,2,,,,,,,,,,,,,,,
 ShitMyReviews,,"Is 'Tartarstan' a magical land where they make all the world's tartar sauce? If not, I can only assume the author is referring to the Russian republic of Tatarstan.",2,,,,,,,,,,,,,,,
 ShitMyReviews,,It just doesn't make sense.,3,,,,,,,,,,,,,,,
ICLR,B13EC5u6W_R2,This looks very noisy and non interesting .,2,,,,,,,,,,,,,,,
 ShitMyReviews,,This inclusion criteria is not needed due to the fact to be in a master program they would be legal adults. Please remove and adjust anywhere that this shows up.,5,,,,,,,,,,,,,,,
ICLR,rywDjg-RW_R3,"Still , it would be nice to know what is going on here .",1,,,,,,,,,,,,,,,
ICLR,B1DmUzWAW_R3,I believe the paper would have been much stronger if either of the two authors were not present,1,,,,,,,,,,,,,,,
ShitMyReviews,,The scientific contribution of this paper - if there is any at all - is at best hopelessly insignificant.,2,,,,,,,,,,,,,,,
ICLR,B11bwYgfM_R3,But I believe there are important drawbacks in the framing and basic methodology and evaluation which make the paper unfit for publication in its current form .,3,,,,,,,,,,,,,,,
 ShitMyReviews,,I am not very excited about this. There must be better ways to spend your money.,1,,,,,,,,,,,,,,,
 ShitMyReviews,,The author is tilting at windmills.,1,,,,,,,,,,,,,,,
ICLR,ryserbZR-_R3,* Would it make sense to discuss Durand 2016 in the base line methods section ?,3,,,,,,,,,,,,,,,
ICLR,Hymt27b0Z_R1,"- The proof is not given , and I dont think the proposed estimator would be consistent if you use a fixed class of networks T . There is a necessarily a bias between the class of functions the network can approximate and all bounded functions .",3,,,,,,,,,,,,,,,
 ShitMyReviews,,I don't believe in simulations,2,,,,,,,,,,,,,,,
 ShitMyReviews,,"An exercise in feature manipulation, of the brainless kind",1,,,,,,,,,,,,,,,
 ShitMyReviews,,"I was only able to get a single reviewer and rather than make you wait longer, I decided to use the single review and my own independent reading. Unfortunately, my own reaction differed from the reviewer's reaction (scroll down below my signature). That is, the reviewer reacted positively whereas I reacted negatively and it is my reaction that counts.",1,,,,,,,,,,,,,,,
 ShitMyReviews,,"The authors have entered a controversial area. For both their sake and the reputation of the journal, they need to make sure their research will stand up under the inevitable scrutiny.",3,,,,,,,,,,,,,,,
 ShitMyReviews,,I do not trust the data or the underlying thesis.,2,,,,,,,,,,,,,,,
Publons,VMS3-2020-Feb-0047.R7,"Please, see the attached files my comments as track change.",5,https://publons.com/wos-op/review/10671792,,,,,,,,,,,,,,
 ShitMyReviews,,"The whole paper reminds me of a paper of a couple of years ago, which I didn't like.",2,,,,,,,,,,,,,,,
ICLR,HypkN9yRW_R2,"I would recommend to restructure the paper to clearly mention each of the components , describe them individually and then explain how they are combined for both cases - DDRprog and DDRstack .",2,,,,,,,,,,,,,,,
ICLR,B14TlG-RW_R2,The novelty is limited but it is a good idea to speed up the RC models .,4,,,,,,,,,,,,,,,
ICLR,B1D6ty-A-_R2,3 . Experimental results for classification are not convincing enough .,3,,,,,,,,,,,,,,,
 ShitMyReviews,,Do we really need concepts and theories to discuss inequalities among young adults?,2,,,,,,,,,,,,,,,
ICLR,HylgYB3pZ_R3,2 . The whole standpoint of the paper is quite vague and not very convincing .,3,,,,,,,,,,,,,,,
 ShitMyReviews,,"The research team cooked up a great filet mignon. Instead of mushrooms and an exquisite French sauce, we got American ketchup.",1,,,,,,,,,,,,,,,
ICLR,HypkN9yRW_R2,"If so , at least this should be described in detail .",3,,,,,,,,,,,,,,,
ICLR,Hyp3i2xRb_R1,"Authors evaluate their RIN on the adding , sequential MNIST and the baby tasks and show that their IRNN outperforms the IRNN and LSTM models .",4,,,,,,,,,,,,,,,
ICLR,Hyp3i2xRb_R3,After a revision I would consider to increase the score .,2,,,,,,,,,,,,,,,
Publons,DOM-21-0106-OP,Good manuscript,4,https://publons.com/wos-op/review/10648510,,,,,,,,,,,,,,
 ShitMyReviews,,The authors should take the time to thoroughly refine and revise manuscripts before they are sent to innocent reviewers.,3,,,,,,,,,,,,,,,
Publons,VMS3-2021-Jul-0515.R1,"have you obtained consent, albeit verbally, from an ethics committee?  
 or specify that the study was carried out, in accordance with European law (O.J. of E.C. L. 358/1 12/18/1986), and USA laws (Animal Welfare Assurance No A5594-01, Department of Health and Human Services, USA) in accordance with the Legislative Decree n. 193 of 6th April 2006.",3,https://publons.com/wos-op/review/13226088,,,,,,,,,,,,,,
ICLR,B1KFAGWAZ_R1,"I think that the statement "" which only supports broadcast ing communication of the sum of the signals "" is not quite fair : surely they have used a 1 channel communication structure , but it would be easy to generalize that .",3,,,,,,,,,,,,,,,
ICLR,BJE-4xW0W_R1,not particularly impressive that is an issue for me .,2,,,,,,,,,,,,,,,
 ShitMyReviews,,In other words: the referee thinks this work is stuck in the past.Â The referee would rather talk about the future - some of the seniorÂ co-authors were the future once!,2,,,,,,,,,,,,,,,
ICLR,rywHCPkAW_R2,"From Fig.3 , one can see that having the same initial noise in all environments is not a good idea , so the second mechanism may help much .",4,,,,,,,,,,,,,,,
 ShitMyReviews,,The description of sampling technique is too long and boring!,1,,,,,,,,,,,,,,,
ICLR,Hyp3i2xRb_R2,2 . Lack of motivation for IE or UIE .,3,,,,,,,,,,,,,,,
 ShitMyReviews,,Hypothesized' is such an ugly word,3,,,,,,,,,,,,,,,
 ShitMyReviews,,"Not now, not ever",2,,,,,,,,,,,,,,,
ICLR,B13EC5u6W_R1,This is quite an interesting paper with a sensible goal. It seems like the method could be more informative than the other methods .,4,,,,,,,,,,,,,,,
ICLR,B1EVwkqTW_R3,the experiments are quite underwhelming and does not fully support the superiority claims of the proposed approach .,4,,,,,,,,,,,,,,,
 ShitMyReviews,,"Being the first is not the best motivation. For example, I could be the first one to jump of the SBE building with a triple back flip and no safety net. I'd be the first (I think) and it would even be quite spectacular (I'm sure), but that doesn't make it a good idea.",3,,,,,,,,,,,,,,,
ICLR,B1suU-bAW_R1,It is hard to believe that meaningful results are achieved.,3,,,,,,,,,,,,,,,
 ShitMyReviews,,This is rubbish!!!,1,,,,,,,,,,,,,,,
ICLR,HymYLebCb_R2,The experimental results supports the claim .,3,,,,,,,,,,,,,,,
ICLR,SySisz-CW_R1,"Furthermore , they are missing a reference to beta VAE ( Higgins et al , 2017 ) when discussing VAE based approaches to disentangled factor learning In summary , the paper is not ready for publication in its current form .",3,,,,,,,,,,,,,,,
ICLR,rytNfI1AZ_R2,"For example , weight pruning methods sometimes can give compression rates of around 100 while the 1bit methods by definition are limited to a compression rate of 32 .",3,,,,,,,,,,,,,,,
ICLR,B1Lc-Gb0Z_R1,It seems that Re LU and Saturated Re LU are included to show the performance of networks with full precision activation functions ( which is good ) .,3,,,,,,,,,,,,,,,
 ShitMyReviews,,Despite promising a very general result this manuscript unfortunately does not deliver (almost) any of the things listed in the abstract.,4,,,,,,,,,,,,,,,
ICLR,Hyp3i2xRb_R3,The authors observe that the proposed recurrent identity network ( RIN ) is relatively robust to hyperparameter choices .,4,,,,,,,,,,,,,,,
 ShitMyReviews,,The manuscript in the present form is not a review article but is rather a number of research papers stapled together.,2,,,,,,,,,,,,,,,
ICLR,HymuJz-A-_R2,"Taken literally , this would rule out a lot of modern machine learning , even obviously very good work .",2,,,,,,,,,,,,,,,
 ShitMyReviews,,Large parts of the manuscript read now more like a Master thesis than a scientific paper. I hope that the more experienced co-authors - if there are any - can help with this aspect of style.,2,,,,,,,,,,,,,,,
 ShitMyReviews,,"Considering by the end of the paper I had no idea what was being said, I don't believe the paper was successful in its argument. In fact, it felt like the author was merely saying the same thing over and over again but with synonyms.",3,,,,,,,,,,,,,,,
 ShitMyReviews,,The analyses are too statistic,3,,,,,,,,,,,,,,,
ICLR,rk8wKk-R-_R3,"Nevertheless , I find it difficult to assess its significance .",2,,,,,,,,,,,,,,,
 ShitMyReviews,,"The first and last paragraphs are weak and read in a style unlike the rest of the paper, like poor advertising copy.",2,,,,,,,,,,,,,,,
ICLR,rkPLzgZAZ_R3,Reading it 5-20 more times would most likely help .,2,,,,,,,,,,,,,,,
 ShitMyReviews,,"It is very lengthy, full of mistakes, irrelevant information, and completely fails to attract readers.",2,,,,,,,,,,,,,,,
ICLR,HypkN9yRW_R2,"Given that the performance of state on art on CLEVR dataset is already very high ( < 5 % error ) and the performance numbers of the proposed model are not very far from the previous models , it is very important to report the variance in accuracies along with the mean accuracies to determine if the performance of the proposed model is statistically significantly better than the previous models or not .",4,,,,,,,,,,,,,,,
ICLR,HyrCWeWCb_R1,- Open source codes .,2,,,,,,,,,,,,,,,
 ShitMyReviews,,"First, the paper is for a large part incomprehensible",3,,,,,,,,,,,,,,,
 ShitMyReviews,,"The underlying science here is quite interesting, but the presentation does its best to disguise it",3,,,,,,,,,,,,,,,
 ShitMyReviews,,Unless the authors performed some clever pagan ritual before euthanizing the animals I would use 'killed' (or 'euthanized') instead of 'sacrificed',2,,,,,,,,,,,,,,,
ICLR,B1G6uM0WG_R3,It seems that most accuracy can be expressed via masking .,4,,,,,,,,,,,,,,,
ICLR,rytstxWAW_R3,"3 . As a concrete step towards grounding the proposed method on state of the art results , I would love to see at least one experiment with the same ( original ) data splits used in previous papers .",2,,,,,,,,,,,,,,,
 ShitMyReviews,,I find the title and the main premise of the abstract confusing and illogical. [key concept X] has the logic of a Monty Python sketch,2,,,,,,,,,,,,,,,
 ShitMyReviews,,"Unfortunately the paper itself is full of so many fundamental misunderstandings, I don't even know where to begin in criticizing it.",2,,,,,,,,,,,,,,,
ICLR,B1CQGfZ0b_R3,These are all points that require discussion which is currently missing from the paper .,3,,,,,,,,,,,,,,,
 ShitMyReviews,,The sum total is frustration with what I can only call cavalier treatment of promising material.,3,,,,,,,,,,,,,,,
 ShitMyReviews,,"The paper is grossly over referenced, and reads a little like a student trying to impress a supervisor that a lot has been read, rather than a mature and parsimonious use of citations. The conclusions are hardly world shattering.",2,,,,,,,,,,,,,,,
 ShitMyReviews,,"The results are obvious. In fact, so obvious that perhaps no one has bothered to write them down before.",2,,,,,,,,,,,,,,,
ICLR,HylgYB3pZ_R3,"Theorem 1,2,3 are direct conclusions from the definitions and are mis stated as Theorems .",3,,,,,,,,,,,,,,,
ICLR,B1KFAGWAZ_R2,"Second , even though the proposed architecture proved to perform empirically better that the considered baselines , the extent to which it advances RL research is unclear to me .",3,,,,,,,,,,,,,,,
 ShitMyReviews,,"I am pretty sure that there are a number of mistakes, but I gave up pointing out them all because even the author apparently doesn't consider this manuscript as a good scientific presentation.",2,,,,,,,,,,,,,,,
ICLR,HymuJz-A-_R1,"Conclusions drawn by testing on out of sample data may not be completely valid . """,3,,,,,,,,,,,,,,,
 ShitMyReviews,,"The enormous and overwhelming -not to say pathetic- admiration, even adoration of the author for her subject is barely acceptable anymore for a modern biography.",1,,,,,,,,,,,,,,,
 ShitMyReviews,,"There are numerous problems with this paper, starting with the title.",3,,,,,,,,,,,,,,,
 ShitMyReviews,,"I perused this manuscript while in the hotel prior to a friend's wedding. I was suspicious that a state of relaxation had influenced my enjoyment of a paper on soil formation; so I read it again, this time squashed between two large people on the delayed flight home, and still enjoyed reading it.",5,,,,,,,,,,,,,,,
 ShitMyReviews,,The authors offer no credible theoretical reason why we should care about this result.,2,,,,,,,,,,,,,,,
ICLR,rywDjg-RW_R3,"The paper is very well written overall , but I found the introduction to be unsatisfyingly vagueit was hard for me to evaluate your key observations when I couldnt quite yet tell what the system youre proposing actually does .",4,,,,,,,,,,,,,,,
 ShitMyReviews,,"I also would add that while I don't have anything serious to complain about, I also see this work as being pretty straightforward - there is no ""big ideaâ€ that I see as especially imaginative or creative. Again, it is extremely solid, just not necessarily sexy.",2,,,,,,,,,,,,,,,
 ShitMyReviews,,"The abstract says absolutely nothing, and I mean this literally and not as a judgement for the content of the paper.",2,,,,,,,,,,,,,,,
ICLR,HytSvlWRZ_R1,This is a crucial parameters that is however not discussed nor analysed in the paper .,3,,,,,,,,,,,,,,,
ICLR,HytSvlWRZ_R3,"Layer by layer feedforward training process , no back prop .",3,,,,,,,,,,,,,,,
ICLR,rytstxWAW_R1,Some other concerns and questions : - It is not quite cleat what P is .,3,,,,,,,,,,,,,,,
Publons,DOM-20-0479-OP,"This is a very interesting article, well written, and covering the most important effect of testosterone therapy on metabolism, body composition and mortality risk. 
  
 However, considering the great change in body weight (-19.3 Â± 0.4) during the treatment it should be explained the nutritional condition or if patients followed a calorie restricted diet and made physical exercise.",4,https://publons.com/wos-op/review/7997099,,,,,,,,,,,,,,
ICLR,B12Js_yRb_R1,- The paper doesnt study a simple baseline that just does NMS on the proposal domain .,4,,,,,,,,,,,,,,,
ICLR,B1G6uM0WG_R1,"If it were , this would be a much sought breakthrough .",3,,,,,,,,,,,,,,,
 ShitMyReviews,,"Reviewer 1: Furthermore, the manuscript is very difficult to read due to English problems: combining results and discussion section making it even more confuseReviewer 2: 'The manuscript is poorly written although it can be follow with lots of typos, and a review by a native English speaker is clearly needed.",3,,,,,,,,,,,,,,,
 ShitMyReviews,,The rest of the Introduction is just as badly done as the first paragraph so I will not continue,3,,,,,,,,,,,,,,,
ICLR,Hyp3i2xRb_R3,"After Le et al . ( 2015 ) , the paper presents another convincing case for the application of Re LUs in RNNs .",3,,,,,,,,,,,,,,,
ICLR,B1lMMx1CW_R1,This contribution is bad for a paper .,3,,,,,,,,,,,,,,,
ICLR,rkTBjG-AZ_R1,"I recommend rejection . """,2,,,,,,,,,,,,,,,
ICLR,HymuJz-A-_R3,"Weaknesses : - t While the proposed PSVRT dataset addresses the 2 noted problems in SVRT , using only 2 relations in the study is very limited .",3,,,,,,,,,,,,,,,
 ShitMyReviews,,My major concern to accept this work-in-progress paper is that these findings areÂ not super interesting to readers in my opinion.,2,,,,,,,,,,,,,,,
 ShitMyReviews,,This paper does not contain information that could make a scientific proposal.,3,,,,,,,,,,,,,,,
 ShitMyReviews,,"This lack of familiarity with the literature is admittedly a bit unnerving, but hey that's what peer-reviews are for",2,,,,,,,,,,,,,,,
ICLR,Hyp3i2xRb_R3,"This identity connection acts as a surrogate memory component , preserving hidden activations over time steps .",3,,,,,,,,,,,,,,,
ICLR,B1jscMbAW_R3,It would also be nice to observe failure of the author and the model .,2,,,,,,,,,,,,,,,
ICLR,B12Js_yRb_R1,"The rebuttal is convincing and I decided to increase my rating , because adding the proposed counting module achieve 5 % increase in counting accuracy .",4,,,,,,,,,,,,,,,
ICLR,ryb83alCZ_R1,My primary concern with the paper is the lack of novelty and relatively little in the way of contributions to the ICLR community .,3,,,,,,,,,,,,,,,
ICLR,B14TlG-RW_R2,"Firstly , I suggest the authors to end writing .",1,,,,,,,,,,,,,,,
 ShitMyReviews,,It reads as if the author were giving a lecture and wandered off point to tell an interesting story.,1,,,,,,,,,,,,,,,
ICLR,HypkN9yRW_R2,Weaknesses : The paper doesnt describe the model clearly .,4,,,,,,,,,,,,,,,
 ShitMyReviews,,"The paper does have some moderately interesting results. But by the time I had gone past Section 3.2, I lost interest because there was nothing that took me by surprise or wonder.",2,,,,,,,,,,,,,,,
 ShitMyReviews,,This section gives the impression that you'll throw a handful of darts at a target and see what you happen to hit.,3,,,,,,,,,,,,,,,
ICLR,B16yEqkCZ_R3,"The paper is accurate , very well written ( apart from a small number of grammatical mistakes ) and contains appealing motivations to its key contributions .",5,,,,,,,,,,,,,,,
ICLR,B12Js_yRb_R1,Contribution : - This paper proposes a new object counting module which operates on a graph of object proposals .,3,,,,,,,,,,,,,,,
 ShitMyReviews,,Why not [do the study] in vivo instead of in vitro?,2,,,,,,,,,,,,,,,
ICLR,B1CEaMbR-_R3,"Also , it overall rather appears short .",3,,,,,,,,,,,,,,,
ICLR,B12Js_yRb_R1,Therefore I recommend reject .,2,,,,,,,,,,,,,,,
ICLR,HyrCWeWCb_R2,"The entropy regularization on action probability is to encourage the exploration of the policy , while the entropy constraint is to stabilize the gradient .",3,,,,,,,,,,,,,,,
ICLR,Hymt27b0Z_R3,This representation requires the calculation of a supremum over a set of functions and a lower bound is achieved when a neural network is used for the maximisation of it .,3,,,,,,,,,,,,,,,
 ShitMyReviews,,"the conclusions of this paper are then groundless since they are based on this trivial but critical misunderstanding. Unfortunately, it has to be remarked that papers such as this, lacking any knowledge of the basic concepts of astronomy and physics, should never be published in any scientific journal with referees.",2,,,,,,,,,,,,,,,
ICLR,SySpa-Z0Z_R3,"Authors show a good gain on two language modeling tasks , CIFAR 10 , and CIFAR 100 . """,4,,,,,,,,,,,,,,,
ICLR,HymuJz-A-_R2,"I think that the introduction of baselines benchmark challenge datasets such as the ones the authors describe here is very useful , and is a somewhat novel contribution .",3,,,,,,,,,,,,,,,
ICLR,B1KFAGWAZ_R2,"Authors experiment with the proposed architecture on a set of synthetic toy tasks and a few Starcraft combat levels , where they find their approach to perform better than baselines .",3,,,,,,,,,,,,,,,
NIPS,444,"This paper shows an optimal rate for the non-ergodic sequence governed by the Augmented Lagrangian.  This is theoretically an interesting result. The numerical illustration for the square-root LASSO looks to be good but in the square-root elastic net problem, it seems that the Chambolle-Pock decreases stably while NAPALA seems to be flatter.",4,,,,,,,,,,,,,,,
ICLR,HytSvlWRZ_R1,"The proposed algorithm is also generally compared with respect to linear methods , and the authors could have provided a more rigorous benchmark including standard non linear prediction approaches ( e.g . random forests , NN , GP , u2026 ) .",4,,,,,,,,,,,,,,,
ICLR,ryjw_eAaZ_R3,"Cons : - Poor writing , close to a first draft .",2,,,,,,,,,,,,,,,
ICLR,SySisz-CW_R1,"The authors treat the inputs ( X ) and outputs ( Y ) of each filter throughout each step of the convolving process as a time series , which allows them to do a Discrete Time Fourier Transform analysis of the resulting sequences .",4,,,,,,,,,,,,,,,
ICLR,SySpa-Z0Z_R2,"Well justified penalty , easy to connect to many generalisation bound claims .",4,,,,,,,,,,,,,,,
ICLR,B1mSWUxR-_R1,Please elaborate on how you end up in this mess.,1,,,,,,,,,,,,,,,
 ShitMyReviews,,"In summary, while I believe the work to be valid, timely, original and relevant, I am unable to see in what sense this work accords to the strict journal's criteria.",3,,,,,,,,,,,,,,,
ICLR,rytstxWAW_R3,Please add label axes to Figure 2 ; currently it is very hard to read .,5,,,,,,,,,,,,,,,
ICLR,B1CQGfZ0b_R1,"The border pixels are probably sufficient to learn the program perfectly , and in fact this may be exactly what the neural net is learning .",4,,,,,,,,,,,,,,,
 ShitMyReviews,,This is not a paper. This is part of ... something. It cannot be reviewed and should be rejected right on.,2,,,,,,,,,,,,,,,
ICLR,B1D6ty-A-_R2,"However , it is not clear to me why this result is even relevant here .",3,,,,,,,,,,,,,,,
ICLR,ryQz_ZfHz_R1,""" "" without complicated mathematical inference "" ( on end of page 10 ) Heaven forbid we should expect our graduate students to know a bit of statistics !",1,,,,,,,,,,,,,,,
ICLR,Hyp3i2xRb_R1,This suggest that GNN are bias toward an identity mapping and learn to preserve the activation through time .,3,,,,,,,,,,,,,,,
ICLR,HypkN9yRW_R1,So whatever network that outputs the stack operation cannot be jointly learned with gradients .,3,,,,,,,,,,,,,,,
Publons,DOM-21-0297-OP.R1,"Although the follow-up period of this study is short, I think this pilot study will contribute to the literature.",4,https://publons.com/wos-op/review/11351900,,,,,,,,,,,,,,
Publons,VMS3-2020-Sep-0433,Reviewer Comments attached,3,https://publons.com/wos-op/review/9583375,,,,,,,,,,,,,,
ICLR,HymuJz-A-_R2,"The authors state that "". . . the effectiveness of an architecture to learn visual relation problems should be measured in terms of generalization over multiple variants of the same problem , not over multiple splits of the same dataset . """,3,,,,,,,,,,,,,,,
Publons,DOM-21-0793-OP.R1,I have no further comments to make on this excellent paper.,4,https://publons.com/wos-op/review/12980764,,,,,,,,,,,,,,
ICLR,HyrCWeWCb_R2,"Moreover , the curves of TRPO is so unstable , which is a bit uncommon .",3,,,,,,,,,,,,,,,
ICLR,B1Gi6LeRZ_R1,"The approach presented is simple , clearly presented , and looks effective on benchmarks.",3,,,,,,,,,,,,,,,
 ShitMyReviews,,"I am concerned that the survey data for this report were collected in 2005, 15 years ago.",4,,,,,,,,,,,,,,,
ICLR,SySisz-CW_R1,"All figures ( but in particular Figure 3 ) need more informative captions -- The authors talk a lot about disentangling in the introduction , but this does not seem to be followed up in the rest of the text .",4,,,,,,,,,,,,,,,
ICLR,HyrCWeWCb_R1,Significance - Trust PCL achieves overall competitive with state of the art external implementations .,3,,,,,,,,,,,,,,,
 ShitMyReviews,,This is from a methods perspective rather unacceptable in these days of 'voodoo' science.,2,,,,,,,,,,,,,,,
ICLR,HytSvlWRZ_R1,"Moreover , the proposed experimental paradigm appears flawed .",3,,,,,,,,,,,,,,,
 ShitMyReviews,,This is not a paper. This is part of … something. It cannot be reviewed and should be rejected right on.,2,,,,,,,,,,,,,,,
 ShitMyReviews,,"The team has generated the kind of gaudy, brobdignagian dataset that makes it such a curious and exciting time",2,,,,,,,,,,,,,,,
ICLR,HypkN9yRW_R1,The 28th International Conference on Machine Learning ( ICML 2011 ) .,3,,,,,,,,,,,,,,,
 ShitMyReviews,,"How does [redacted theory] explain your results? Or really, your underwhelming results?",2,,,,,,,,,,,,,,,
ICLR,ryzm6BATZ_R1,"Pros : * Interesting energy formulation and variation over BEGAN Cons : * Not a clear paper * results are only partially motivated and analyzed """,3,,,,,,,,,,,,,,,
 ShitMyReviews,,It is not hard to develop this method…I could write code for this on a rainy afternoon.,2,,,,,,,,,,,,,,,
 ShitMyReviews,,Please correct the language and connet of teh COI part!,5,,,,,,,,,,,,,,,
 ShitMyReviews,,In the experimental part there is a lack of scientific by taking over results from reference literature.,3,,,,,,,,,,,,,,,
ICLR,rkWN3g-AZ_R1,"In addition , the combination is done in a careless manner .",3,,,,,,,,,,,,,,,
ICLR,B1e5ef-C-_R3,RIP required to all .,1,,,,,,,,,,,,,,,
ICLR,B1EVwkqTW_R2,Some of the results are better than your approach. Models outperformed authors.,1,,,,,,,,,,,,,,,
 ShitMyReviews,,"It is at best of little value and, in the worst case, irrelevant
 
 
 and offensive",2,,,,,,,,,,,,,,,
ICLR,rytstxWAW_R1,I think that batch training of GCN is an important problem and authors have proposed an interesting solution to this problem .,4,,,,,,,,,,,,,,,
ICLR,rk1FQA0pW_R1,"Cons The contributions seem incremental , not properly enunciated , or appropriately validated .",4,,,,,,,,,,,,,,,
ICLR,B1Lc-Gb0Z_R3,"There are many flaws and weaknesses in the paper though , making it somewhat lose .",2,,,,,,,,,,,,,,,
 ShitMyReviews,,The paper raises the suspicion that the author has not been trained as a historian,3,,,,,,,,,,,,,,,
 ShitMyReviews,,claiming 'insights' that rarely amount to very much beyond the bleeding obvious. [..] the problem with jargon is that 'any idiot can pick it up and have a go,1,,,,,,,,,,,,,,,
Publons,DOM-20-1268-RA.R1,"Many thanks dear authors for this interesting manuscript, and for changes that you made upon the revision.",5,https://publons.com/wos-op/review/10350955,,,,,,,,,,,,,,
 ShitMyReviews,,I now have had a chance to look at this paper. I think it is a bit of a joke.,1,,,,,,,,,,,,,,,
 ShitMyReviews,,Use of words like 'performativity' (is that a word?),3,,,,,,,,,,,,,,,
ICLR,ryykVe-0W_R1,"The revision seems more cosmetic and does not address the most significant issues so I do not see a need to change my evaluation . """,3,,,,,,,,,,,,,,,
ICLR,B14uJzW0b_R1,"To the best of my understanding , the paper has some misconceptions .",3,,,,,,,,,,,,,,,
 ShitMyReviews,,"Sorry for our long silence, due to some perplexity on our side at reading your manuscript.",5,,,,,,,,,,,,,,,
 ShitMyReviews,,This manuscript is not publishable in a reasonable sense,3,,,,,,,,,,,,,,,
ICLR,B1EVwkqTW_R1,The writing also needs to be improved .,3,,,,,,,,,,,,,,,
 ShitMyReviews,,"There is no research methodology, no data, no model, no significant analysis and no conclusions which arise from the study'",2,,,,,,,,,,,,,,,
 ShitMyReviews,,Was this an undergraduate class assignment?,1,,,,,,,,,,,,,,,
ICLR,HyrCWeWCb_R3,I am a bit confused about the way trust region method is used in the paper .,2,,,,,,,,,,,,,,,
ICLR,B12Js_yRb_R3,"this method is built on a series of heuristics without sound theoretically justification , and these heuristics cannot be easily adapted to other machine learning applications .",3,,,,,,,,,,,,,,,
ICLR,rytstxWAW_R3,""" The paper focuses on the recently graph convolutional network ( GCN ) framework .",3,,,,,,,,,,,,,,,
ICLR,HymuJz-A-_R1,Cons Straightforward testing of network performance on specific visual relation tasks .,3,,,,,,,,,,,,,,,
ICLR,Hymt27b0Z_R3,""" This paper presents a new method for estimation of mutual information ( MI ) based on the Donsker Varhan ( DV ) representation of KL divergence .",3,,,,,,,,,,,,,,,
 ShitMyReviews,,The study is poorly conceived and inadequately conducted and the conclusions made by the authors do not necessarily follow from the results,4,,,,,,,,,,,,,,,
ICLR,ryserbZR-_R1,Automated gastric cancer diagnosis on H&E stained sections ; training a classifier on a large scale with multiple instance machine learning .,3,,,,,,,,,,,,,,,
 ShitMyReviews,,Something is missing.,3,,,,,,,,,,,,,,,
 ShitMyReviews,,"In addition, I would suggest either activating the spellchecker on Word, or keeping the cat from walking on your keyboard.Â I think one of your words was previously employed as a Thunder in ""Finnegan's Wake",1,,,,,,,,,,,,,,,
ICLR,B12Js_yRb_R2,Strengths - The proposed model begins with reasonable motivation and shows its effectiveness in experiments clearly .,5,,,,,,,,,,,,,,,
ICLR,B12Js_yRb_R1,"- Since the authors have mentioned in the related work , it would also be more convincing if they show experimental results on CL Conclusion : - I feel that the motivation is good , but the proposed model is too hand crafted .",4,,,,,,,,,,,,,,,
 ShitMyReviews,,It is not hard to develop this method...I could write code for this on a rainy afternoon.,2,,,,,,,,,,,,,,,
 ShitMyReviews,,"I had no idea what this concept was until reading your paper, but your abstract wouldn't have made me want to read it had I not been a reviewer",2,,,,,,,,,,,,,,,
Publons,ACP-2021-9818,"Dear authors. 
  
 Thank you for addressing my points. 
 I have no further comments. 
  
 Kind regards",5,https://publons.com/wos-op/review/11240249,,,,,,,,,,,,,,
ICLR,ryykVe-0W_R1,"There are fewer relevant comparisons here , but at least Lappalainen and Honkela ( 2000 ) seem to target the same problem as the proposed method .",4,,,,,,,,,,,,,,,
ICLR,Hymt27b0Z_R2,"I dont think that such a consistency proof is strictly necessary for a paper like this , but for the review to be accurate I need to see the proof .",2,,,,,,,,,,,,,,,
 ShitMyReviews,,This needs some rephrasingâ€”it's loaded with the assumption that there is a real world,3,,,,,,,,,,,,,,,
Publons,ITEES-19-1107.R1,"In the new version presented by the authors, the paper conforms to the standards in structure and in nomenclature. However, this reviewer noted that there are still some paragraphs using the word substation to transformer (see, for example, Figure 1). However, for this reviewer the paper is now complete.",3,https://publons.com/wos-op/review/5698628,,,,,,,,,,,,,,
ICLR,HymuJz-A-_R3,""" Strengths : - t There is an interesting analysis on how CNNs perform better Spatial Relation problems in contrast to Same Different problems , and how Spatial Relation problems are less sensitive to hyper parameters .",4,,,,,,,,,,,,,,,
NIPS,875,This paper builds on the probabilistic interpretation of MAML (e.g. Grant et al.) The proposed inference procedure allows for meta-learning for few-shot learning problems in which the small amount of data makes the given task ambiguous.  The paperâs writing is clear. The theory is relevant to extending MAML to a distribution over parameters. Experiments highlight the advantages (dealing with ambiguity in tasks) of the proposed method.,3,,,,,,,,,,,,,,,
ICLR,B17JTOe0-_R3,"The manuscript is not written in a way that is suitable for the target ICLR audience which will include , for the most part , readers that are not expert on the entorhinal cortex and/or spatial navigation .",3,,,,,,,,,,,,,,,
ICLR,B1J_rgWRW_R3,A key limitation of the paper in my opinion is that typically DNNs do not contain a linear final layer .,3,,,,,,,,,,,,,,,
ICLR,Hyp3i2xRb_R1,Authors observe that the average estimation error between a given hidden state and the last hidden state gradually decreases toward zeros .,4,,,,,,,,,,,,,,,
ICLR,B18WgG-CZ_R1,It doesnt make much sense to me to omit pairs with OOVs .,2,,,,,,,,,,,,,,,
Publons,MEE-20-11-869,"Please, consider carefully my comments in the attached file.",5,https://publons.com/wos-op/review/9912611,,,,,,,,,,,,,,
 ShitMyReviews,,"It was hard to bite myself through, but in the back I found some meat.",1,,,,,,,,,,,,,,,
Publons,VMS3-2021-Aug-0563.R1,Thanks for your rivision response.paper accepted,5,https://publons.com/wos-op/review/12913498,,,,,,,,,,,,,,
ICLR,SySpa-Z0Z_R2,"Consequently for a strong empirical paper I would expect much more baselines , including these proposed by Krueger et al .",3,,,,,,,,,,,,,,,
 ShitMyReviews,,The conclusion drawn by the authors seems self explanatory and does not require any validation through the presented work,4,,,,,,,,,,,,,,,
Publons,VMS3-2020-Sep-0438.R1,"hi  
 thanks for edition of article  
 best",5,https://publons.com/wos-op/review/10275085,,,,,,,,,,,,,,
ICLR,rywHCPkAW_R2,"Besides , the big table and the list of performances figures should themselves be put in two additional appendices and you should refer to them as Appendix D or E rather than "" the Appendix "" .",4,,,,,,,,,,,,,,,
Publons,ITEES-20-0021.R2,it is well revised,4,https://publons.com/wos-op/review/7687291,,,,,,,,,,,,,,
Publons,ITEES-19-1446.R1,My comments are addressed. Thanks.,5,https://publons.com/wos-op/review/7850376,,,,,,,,,,,,,,
ICLR,Hymt27b0Z_R3,"The second line of equation ( 20 ) does not make sense to me , it is not equivalent to the first line .",2,,,,,,,,,,,,,,,
ICLR,rydeCEhs-_R1,It is a shame that the authors chose to push their section on future work to the appendices .,1,,,,,,,,,,,,,,,
ICLR,B1DmUzWAW_R1,"In few shot classification , the sequence length can be known a prior .",3,,,,,,,,,,,,,,,
ICLR,B1CEaMbR-_R1,The claimed main contribution of the paper is the taxonomy .,3,,,,,,,,,,,,,,,
 ShitMyReviews,,"Overall, I think this manuscript is a waste of time.",1,,,,,,,,,,,,,,,
 ShitMyReviews,,I did not attempt to understand Figure 2 because there was no motivation given for it,2,,,,,,,,,,,,,,,
ICLR,B14TlG-RW_R1,3 . The paper can be significantly strengthened by adding at least one more reading comprehension dataset .,4,,,,,,,,,,,,,,,
 ShitMyReviews,,"This paper is baffling [...]Â In particular, I have not looked at all at section 2 of the paper",2,,,,,,,,,,,,,,,
ICLR,ryazCMbR-_R1,In this case the comments of the authors really show that they do not know anything about coding .,2,,,,,,,,,,,,,,,
ICLR,B1CQGfZ0b_R2,"Overall : Theres the start of an interesting idea here , but I dont think the quality is high enough to warrant publication at this time .",3,,,,,,,,,,,,,,,
ICLR,B13njo1R-_R3,I want to make sure the authors put a bit more effort into cleaning up the mess,2,,,,,,,,,,,,,,,
 ShitMyReviews,,Startlingly naive and jejeune. Obviously a poorly tailored master's thesis.,3,,,,,,,,,,,,,,,
 ShitMyReviews,,this is where the real problems start,3,,,,,,,,,,,,,,,
ICLR,B1J_rgWRW_R1,"The results might be of theoretical interest , but I doubt if a pragmatic Re LU network user will learn anything by reading this paper . """,3,,,,,,,,,,,,,,,
 ShitMyReviews,,"Poorly connected and thinly reported anecdotes are reported as though they represent detailed and searching ethnography, and then jargon-riddled assertions are made as though the meagre data substantiate the claims.",2,,,,,,,,,,,,,,,
ICLR,ryserbZR-_R1,A 1D convolutional layer followed by a min max layer and 2 fully connected layer compose the network .,3,,,,,,,,,,,,,,,
ICLR,Hyp3i2xRb_R2,Also it only has been tested on very simple datasets .,3,,,,,,,,,,,,,,,
ICLR,HyrCWeWCb_R3,The paper largely follows the work of Nachum et al 2017 .,3,,,,,,,,,,,,,,,
ICLR,HymuJz-A-_R2,"Its not totally clear to me that if totally naive humans ( who had never seen spatial relationships before ) were evaluated on exactly the training/testing scenarios described above , that they would generalize particularly well either .",3,,,,,,,,,,,,,,,
ICLR,ryserbZR-_R1,Experiments are run on 2 public datasets achieving potentially top performance .,3,,,,,,,,,,,,,,,
 ShitMyReviews,,"There is essentially nothing unexpected, although the central observation of [..] is an unexpectedly large and important effect.",4,,,,,,,,,,,,,,,
 ShitMyReviews,,"Not now, not ever.",2,,,,,,,,,,,,,,,
ICLR,B16_iGWCW_R1,"Its not clear what kind of loss is really being optimised here, their time or mine .",1,,,,,,,,,,,,,,,
 ShitMyReviews,,This paper is too difficult for a journal on Astrophysical Fluid Dynamics,3,,,,,,,,,,,,,,,
ICLR,SySpa-Z0Z_R3,"Dropping the log determinant term , thus quality of the resulting regularizer , is not justified at all .",3,,,,,,,,,,,,,,,
ICLR,HypkN9yRW_R3,3.t The discussion on the tradeoff between tacking difficult problems and using the knowledge of program structure is engaging .,4,,,,,,,,,,,,,,,
ICLR,rkpoTaxA-_R3,"( although not a big deal with your acknowledgements ) """,2,,,,,,,,,,,,,,,
 ShitMyReviews,,"There is a lot of terminology flung around such as 'false negatives', 'false positive' and 'median', 'first quartile', 'third quartile'",2,,,,,,,,,,,,,,,
ICLR,SySpa-Z0Z_R2,"Even under the assumption that it is updated , and made more strict - what is a crucial problem is a claim , that after arriving at : tr [ K ( X , X ) ] - ln ( det [ K ( X , X ) ] ) dropping the log determinant is anyhow justified , to keep the reasoning/derivation of the whole method sound .",3,,,,,,,,,,,,,,,
ICLR,B18WgG-CZ_R2,"However , they use R1 as the basis to argue for rejection, personally, the authors themselves does not seem reasonable to me at all .",1,,,,,,,,,,,,,,,
ICLR,Hymt27b0Z_R3,A comparison with Info GAN and Dai et al . would be especially relevant to evaluate the effectiveness of OMIE .,4,,,,,,,,,,,,,,,
ICLR,SySisz-CW_R3,"The authors apply their newly defined measure to DCGANs and plain VAEs with Re LUs , and show that dependency between successive layers may lead to bad performance .",4,,,,,,,,,,,,,,,
 ShitMyReviews,,The writing and data presentation are so bad that I had to leave work and go home early and then spend time to wonder what life is about.,2,,,,,,,,,,,,,,,
ICLR,B1J_rgWRW_R1,"Perhaps an exponential number of neurons is necessary in the worst case , but it will be more interesting if the authors show that under certain conditions a polynomial size network is good enough .",3,,,,,,,,,,,,,,,
ICLR,SySpa-Z0Z_R3,""" This paper proposes an L2 norm regularization of the output of penultimate layer of the network .",3,,,,,,,,,,,,,,,
 ShitMyReviews,,I am not convinced if any clear real value of this research.,2,,,,,,,,,,,,,,,
Publons,ITEES-20-0686.R1,it is ready for publication,3,https://publons.com/wos-op/review/8722833,,,,,,,,,,,,,,
ICLR,ryZElGZ0Z_R2,Is this effective or terrible ?,3,,,,,,,,,,,,,,,
Publons,VMS3-2019-Nov-0294.R2,congratulations,5,https://publons.com/wos-op/review/9115877,,,,,,,,,,,,,,
 ShitMyReviews,,Ah-now I see a glimpse of promise in this paper,3,,,,,,,,,,,,,,,
ICLR,rkWN3g-AZ_R3,At a glance this looks like an exciting new result and I think that could mislead casual readers .,4,,,,,,,,,,,,,,,
 ShitMyReviews,,"Nothing changes in our collective research programs as a result of this work. Still, the work is well done and needs to appear somewhere in the literature.",4,,,,,,,,,,,,,,,
ICLR,Hymt27b0Z_R1,Ensemble estimation of Mutual Information .,3,,,,,,,,,,,,,,,
 ShitMyReviews,,"As it is often the case with conceptual developments, most of it doesn't make a lot of sense, in the end",3,,,,,,,,,,,,,,,
 ShitMyReviews,,This literature review is nothing more than a merry dance around the books,2,,,,,,,,,,,,,,,
ICLR,rywHCPkAW_R1,"3 Noisy Net exhibits impressive experimental results in comparison to the usual exploration heuristics for to A3C , DQN and Dueling agents .",3,,,,,,,,,,,,,,,
Publons,ITEES-20-1650.R1,"1- In P. 3, ""1) An algorithm ... "" 
 2- Revise P.4, 2nd line 
 3- The equations in P. 4 must be cited 
 4- It is not preferred to use ""above equations"" in P. 5 
 5- There are undefined symbols in the equations in P. 5 
 6- It is not preferred to use the numbers of equations / figures in the conclusion",3,https://publons.com/wos-op/review/10558794,,,,,,,,,,,,,,
 ShitMyReviews,,"I believe that there are important questions in this area, questions that have intellectual merit, but the PI has not found any to study here",4,,,,,,,,,,,,,,,
ICLR,B11bwYgfM_R1,Please refer to the paper Discovering structure in multiple learning tasks : The TC algorithm published in ICML 1996 .,5,,,,,,,,,,,,,,,
ICLR,B1CEaMbR-_R3,"Furthermore , in Section 4 a new method is proposed , that is to combine the best parts of the already existing models in the literature .",3,,,,,,,,,,,,,,,
ICLR,B17JTOe0-_R3,Dead reckoning,1,,,,,,,,,,,,,,,
ICLR,B1EVwkqTW_R1,"The writing of this paper is readable , but could be improved .",3,,,,,,,,,,,,,,,
 ShitMyReviews,,To me the question is uninteresting,2,,,,,,,,,,,,,,,
ICLR,B1D6ty-A-_R3,Concretely : Is there any known theory for such misery ?,1,,,,,,,,,,,,,,,
 ShitMyReviews,,"The entire paper reads a bit like someone who has searched around the social scientific research literature without much authentic understanding of social science, social scientific research methodology, or statistical analyses",3,,,,,,,,,,,,,,,
 ShitMyReviews,,"Did all 5 authors say,""Yes, this is a piece of work I am proud to have my name on?",1,,,,,,,,,,,,,,,
ICLR,B1nxTzbRZ_R2,All of their work is based on defogging clarity.,2,,,,,,,,,,,,,,,
ICLR,B11bwYgfM_R2,A dirty model for multi task learning,4,,,,,,,,,,,,,,,
ICLR,rywDjg-RW_R3,"The results are impressive : the proposed system synthesizes programs from a single example that generalize better than prior state of the art , and it does so ~ 50 % faster on average .",3,,,,,,,,,,,,,,,
ICLR,HypkN9yRW_R3,Is the idea that we do not want to use domain knowledge about which symbols correspond to operations vs . which correspond to numbers ?,3,,,,,,,,,,,,,,,
ICLR,rytstxWAW_R1,"Recall that for Monte Carlo type approaches to work , sampling distribution is ought to contain support of the true distribution .",3,,,,,,,,,,,,,,,
 ShitMyReviews,,The investigator is in the top 50% of his field,3,,,,,,,,,,,,,,,
 ShitMyReviews,,I was not sure exactly which problem the author is trying to solve and vice verse it was not clear to me what problem the solution is intended to solve or explorer.,2,,,,,,,,,,,,,,,
Publons,ITEES-21-1864,"The author has done a good work.But the results has to be analysed with the results from recent literature to prove the results are best. 
 ii)Fig 10(d) is repeated 
 iii)There is nowhere Fig 11(a) and Fig 11(b) marked. 
 iii)Some terms is missing in Nomenclature.It needs to be addressed. 
 Iv)A final comparative table may be included to show that the inertia emulated hydro-thermal-RDSTS system with RFB provides better dynamics over CES and SMES units.",4,https://publons.com/wos-op/review/13040761,,,,,,,,,,,,,,
ICLR,BJ8vJebC-_R2,"Out of curiosity , I ran the example ( Table 4 ) through Google Translate , and the result was gibberish .",2,,,,,,,,,,,,,,,
Publons,sensors-477368,"The Authors did not correct the manuscript regarding the minor points 5 (use of dots instead of commas for decimals should be consistent throughout the manuscript) and 6 (""Chi-Quadro Test"" shall be translated in English ""Chi-squared test"").
 

 I have no further comments.",4,https://publons.com/wos-op/review/4161791,,,,,,,,,,,,,,
ICLR,ryserbZR-_R2,""" This paper proposes a deep learning ( DL ) approach ( pre trained CNNs ) to the analysis of histopathological images for disease localization .",3,,,,,,,,,,,,,,,
 ShitMyReviews,,"I think there is a general problem with the overall goal of this study and area of research. This seems to be making data usage a critical thing people should be paying attention to. People have real issues and I am not at all sure that this one deserves attention. They have real concerns like, are they going to lose their job, where should their children go to college, should they encourage their elderly parents to move into a retirement center.",2,,,,,,,,,,,,,,,
NIPS,955,"This paper studies which properties of a distribution can be elicited in an incentive compatible way, and previous characterization shows a characterization of such properties. This paper shows that every such property can in fact be elicited by a convex loss functions. This is a very nice result. It also gives new loss functions for some of the properties.  ",4,,,,,,,,,,,,,,,
 ShitMyReviews,,The paper is ill-informed and poorly argued. It is not suitable in my view for this or any other journal.,2,,,,,,,,,,,,,,,
 ShitMyReviews,,"Concerning the discussion, again the merits of the work are downplayed to a point that it's almost pathetic!",1,,,,,,,,,,,,,,,
ICLR,ryykVe-0W_R1,"From this perspective , the presented comparison seems quite inadequate .",3,,,,,,,,,,,,,,,
ICLR,B1IDRdeCW_R3,"Some typos and minor issues are listed in the "" Cons "" part below .",3,,,,,,,,,,,,,,,
Publons,DOM-19-0797-OP.R2,I have no further comment. The manuscript looks fine.,3,https://publons.com/wos-op/review/5156352,,,,,,,,,,,,,,
ICLR,ryserbZR-_R3,""" The authors approach the task of labeling histology images with just a single global label , with promising results on two different data sets .",4,,,,,,,,,,,,,,,
ICLR,B1Gi6LeRZ_R2,Overall I believe the paper is not mature enough for publication .,2,,,,,,,,,,,,,,,
ICLR,HytSvlWRZ_R2,""" The authors propose a DNN , called subspace network , for nonlinear multi task censored regression problem .",4,,,,,,,,,,,,,,,
 ShitMyReviews,,"High was my expectation, and so much deeper was my disappointment",2,,,,,,,,,,,,,,,
ICLR,B1D6ty-A-_R2,Could the authors justify why minimizing w.r.t . W 1 is still a quasi convex optimization problem ?,4,,,,,,,,,,,,,,,
ICLR,B18WgG-CZ_R2,The main results of the paper stem from a combination of a few ideas that were ripe for combination,3,,,,,,,,,,,,,,,
 ShitMyReviews,,The discussion is inappropriate and the new content is generally poorly written,4,,,,,,,,,,,,,,,
ICLR,B12Js_yRb_R1,I recommend reject .,4,,,,,,,,,,,,,,,
ICLR,HyrCWeWCb_R3,Authors claimed that it satisfies the multi step path consistency but the derivation is missing .,4,,,,,,,,,,,,,,,
NIPS,9,"This submission is pretty out of my expertise. I just carefully read the intro part and feel it is well written. One question: you show a nice regret upper bound. It will be nicer if you can show some hardness result (lower bound). In that way, the audience knows better how to appreciate the tightness of your results.",4,,,,,,,,,,,,,,,
 ShitMyReviews,,N/A. (Full review text),2,,,,,,,,,,,,,,,
ICLR,Hymt27b0Z_R2,"Since I cant find it , I assume it does not exist .",2,,,,,,,,,,,,,,,
ICLR,ryazCMbR-_R1,But I have the impression the authors completely miss the state of the art in channel coding and the results are completely useless for any current communication system .,3,,,,,,,,,,,,,,,
ICLR,Hymt27b0Z_R1,The para after theorem 1 on the compression lemma doesnt add much .,3,,,,,,,,,,,,,,,
 ShitMyReviews,,You have put in a lot of effort answering a question that should have never been asked,2,,,,,,,,,,,,,,,
ICLR,HyrCWeWCb_R2,Another issue is the discussion of the entropy regularization in the objective function .,3,,,,,,,,,,,,,,,
ICLR,ryserbZR-_R2,It also correctly identifies that this is a daunting task for human medical experts and therefore one that could surely benefit from the use of automated methods like the ones proposed .,5,,,,,,,,,,,,,,,
 ShitMyReviews,,"If philosophy of science was not taught in the author's doctoral program, (s)he needs to go back and dope slap his/her major professor.",1,,,,,,,,,,,,,,,
ICLR,HytSvlWRZ_R1,"- Contrarily to what is stated in the introduction , the loss functions proposed in page 3 ( first two formulas ) only accounts for the lower bound of the predicted variables .",3,,,,,,,,,,,,,,,
ICLR,HytSvlWRZ_R1,"In particular , due to the nonlinear nature of ( 1 ) , all the competing linear models are expected to perform poorly in this kind of setting .",3,,,,,,,,,,,,,,,
Publons,DOM-19-0634-RA.R3,The manuscript is now much clearer. Thank you.,5,https://publons.com/wos-op/review/5044081,,,,,,,,,,,,,,
NIPS,16,"The paper proposes a deep network for image super-resolution using res-clique blocks, already existing in the literature. It is a fairly direct application of the original clique architecture, but seems like a good choice of architecture. The clique blocks are used in two different roles: feature extraction and upsampling.  The quantitative and qualitative results show good performance compared with existing baselines. ",4,,,,,,,,,,,,,,,
Publons,DOM-20-1027-OP.R1,This reviewer thanks the authors for their hard work. This reviewer has no further queries.,5,https://publons.com/wos-op/review/9833080,,,,,,,,,,,,,,
ICLR,HypkN9yRW_R2,There are only 3 curves ( instead of 4 ) in Figure 3 .,3,,,,,,,,,,,,,,,
ICLR,B14uJzW0b_R2,"I also appreciate the effort of developing theoretical results for deep learning , even though the current results are restrictive to very simple NN architectures .",4,,,,,,,,,,,,,,,
 ShitMyReviews,,This is depressing! So much work with so little science,1,,,,,,,,,,,,,,,
ICLR,B11bwYgfM_R1,The combination of the two parts seems a bit incremental and does not bring much novelty .,3,,,,,,,,,,,,,,,
ICLR,ryQu7f-RZ_R3,It is a bit confusing .,3,,,,,,,,,,,,,,,
ICLR,B1mvVm-C-_R1,This crap isnt too surprising .,1,,,,,,,,,,,,,,,
 ShitMyReviews,,"I have started reading this paper with great interest, but as I progressed in reading my interest has decreased significantly.",2,,,,,,,,,,,,,,,
 ShitMyReviews,,"Publishable, but why?",2,,,,,,,,,,,,,,,
ICLR,Hyp3i2xRb_R1,- It seems from Figure 4 ( a ) that the average estimation error is higher for RIN than IRNN and LSTM and only decrease toward zero at the very end .,3,,,,,,,,,,,,,,,
 ShitMyReviews,,"This manuscript uses half of the available pages, and fails to explain what has been done, how and why",3,,,,,,,,,,,,,,,
ICLR,B17JTOe0-_R3,The manuscript is not written in a way that is suitable for the target ICLR audience,4,,,,,,,,,,,,,,,
 ShitMyReviews,,"I believe that the authors have done scientific work, but in the current form of the paper it is impossible to judge it.",3,,,,,,,,,,,,,,,
ICLR,B13njo1R-_R3,Please say in the main text that details in terms of architecture and so on are given in the appendix .,5,,,,,,,,,,,,,,,
 ShitMyReviews,,"Theories can be meaningful when they can explain phenomenon. If theories exist for themselves, they may be play of language.",2,,,,,,,,,,,,,,,
 ShitMyReviews,,"This paper is under-referenced, conceptually impoverished, and poorly written",2,,,,,,,,,,,,,,,
ICLR,B13njo1R-_R3,I find the paper lacking a lot of details and to some extend confusing .,3,,,,,,,,,,,,,,,
ICLR,rytstxWAW_R1,"First node can be any of the { 1,2,3 } , second node given first ( suppose first node is 2 ) is restricted to { 1,3 } .",3,,,,,,,,,,,,,,,
Publons,DOM-20-1051-OP,"Nicely done and extremely useful to any drug development organization with an asset targeted for NAFLD. 
  
 The analysis could be used to design and validate a Phase 2b, or possibly, a Phase 3 registration trial. 
  
 It is unlikely any pharma development organization could access, compile and analyze the information from the 4 trials in this way and would have to speculate on variability and effect size in order to proceed to Proof of Principle with a development asset.",4,https://publons.com/wos-op/review/9043696,,,,,,,,,,,,,,
 ShitMyReviews,,"This is a nicely done paper but the sample is small, the measures uninformative, and the findings have only very weak relevance to policy or practice. Nothing much one can do about these flaws.",3,,,,,,,,,,,,,,,
 ShitMyReviews,,"Although this study, an original work and repetition of earlier feature of these studies is similar. Writing language is quite a lot of grammatical errors",4,,,,,,,,,,,,,,,
 ShitMyReviews,,This would seem to constitute the very minimum basic scientific requirement for attempting to publish a body of (unoriginal) data,3,,,,,,,,,,,,,,,
 ShitMyReviews,,The authors should discard the data and collect it again properly.,2,,,,,,,,,,,,,,,
 ShitMyReviews,,"In my feeling, no attempt has been made to create a coherent manuscript. The repetitions throughout the text and other deficiencies are so obvious that I suspect that none of the authors had ever read it from the beginning to the end.",2,,,,,,,,,,,,,,,
ICLR,SySisz-CW_R2,"Some interesting results are obtained , such as "" enforcing more independence between successive layers of generators may lead to better performance and modularity of these architectures "" .",3,,,,,,,,,,,,,,,
 ShitMyReviews,,"This paper reads like a woman's diary, not like a scientific piece of work",1,,,,,,,,,,,,,,,
ICLR,B18WgG-CZ_R1,"Did the authors replicate the results of those methods themselves , or report them from other papers ?",4,,,,,,,,,,,,,,,
ICLR,rytNfI1AZ_R2,"Additionally , for practical applications , methods like weight pruning might be more promising since they reduce both the memory load and the computational load .",4,,,,,,,,,,,,,,,
ICLR,rywHCPkAW_R1,2 Noisy Net reduces the number of hyperparameters .,3,,,,,,,,,,,,,,,
 ShitMyReviews,,This is a paper struggling not to die,3,,,,,,,,,,,,,,,
 ShitMyReviews,,I showed this paper to my nurses and they agreed there was nothing new reported here.,2,,,,,,,,,,,,,,,
 ShitMyReviews,,"The research claims these phenomena are ""understudied,â€ as though there is some amount of study they should endure.",2,,,,,,,,,,,,,,,
 ShitMyReviews,,"The ms comes over very much like a group of old wise men sitting around mulling over the terrible state of the world, and opening their hands and saying: well, what can we do about all these terrible things around us",1,,,,,,,,,,,,,,,
ICLR,HymYLebCb_R1,This can then be fed into a classifier .,3,,,,,,,,,,,,,,,
ICLR,B1IDRdeCW_R1,Perhaps it should be clarified in the text that u are the weights .,2,,,,,,,,,,,,,,,
 ShitMyReviews,,My argument against it as a full paper is that it makes an incremental contribution to the state of the science.,4,,,,,,,,,,,,,,,
 ShitMyReviews,,"I really don't like to be harsh in my reviews, but ...",4,,,,,,,,,,,,,,,
ICLR,Hyp3i2xRb_R3,There is no ( multiplicative ) gating as in Highway Networks .,3,,,,,,,,,,,,,,,
ICLR,HymuJz-A-_R2,This will give the people working on ( e.g . ) CNN+RN somewhat more incentive to try out the current papers benchmarks and either improve their architecture or show that the the existing one would have totally worked if only tried correctly .,3,,,,,,,,,,,,,,,
ICLR,SySpa-Z0Z_R2,"From practical perspective : Activation norm penalties are well known objects , used for many years ( L1 activation penalty for at least 6 years now , see "" Deep Sparse Rectiufb01er Neural Networks "" ; various activation penalties , including L2 , changes in L2 , etc . in Krueger Ph D dissertation ) .",3,,,,,,,,,,,,,,,
Publons,DOM-19-0690-RA,"This is a well conducted and interesting review on a hot topic in diabetes. 
  
 Therefore, I would like to congratulate the authors for the efforts put forward in this paper. 
  
 I have just one minor comment I hope the authors will consider to improve the manuscript: 
  
 In line with editorial guidelines, I would like to suggest a summary box with the main highlights which could be helpful for the readers.",5,https://publons.com/wos-op/review/4850589,,,,,,,,,,,,,,
 ShitMyReviews,,"Generally, some extra clarification might be nice to improve clarity...",5,,,,,,,,,,,,,,,
ICLR,rywHCPkAW_R3,"My second concern is that I find the title and overall discussion in the paper potentially misleading , by focusing only on the exploration part of the proposed algorithm ( s ) .",3,,,,,,,,,,,,,,,
ICLR,HylgYB3pZ_R3,"However , the connection between angle bias and the issue of gradient vanishing lacks a clear analytical connection .",3,,,,,,,,,,,,,,,
ICLR,HyrCWeWCb_R2,I guess it was softmax probability .,2,,,,,,,,,,,,,,,
 ShitMyReviews,,Several books that are cited but there is no evidence that they have ever been studied and understood.,3,,,,,,,,,,,,,,,
NIPS,147,"The paper focuses on developing CNN that is usable at mobile devices. The authors believe that the main problem of massive parameters comes from the convolutional filter, and they introduce spatial- and channel-based versatile filters. Experiments are also well designed, results (especially Table 4) verify the claims raised by the authors. I think it is a neat article, which is acceptable.",4,,,,,,,,,,,,,,,
ICLR,rywHCPkAW_R3,- What is the justification for using epsilon instead of epsilon in eq .,3,,,,,,,,,,,,,,,
 ShitMyReviews,,"Your content is stellar, and your writing is excellent. However, you should consider hiring an editor for subsequent revisions before submitting again.",2,,,,,,,,,,,,,,,
NIPS,853,"Most methods used for estimating causal quantities from observational data relf on unconfoundedness i.e. there exist no unobserved confounders between treatment and outcome. In reality however, this assumption is rarely satisfied. Assuming that unconfoundedness holds (when it doesnât) can create major complications in sensitive applications such as medicine. This paper develops a framework for policy improvement that works well in the presence of confounding. ",4,,,,,,,,,,,,,,,
ICLR,B16yEqkCZ_R1,It would therefore be interesting to see some long running experiments and analyse how often catastrophic states ( or those close to them ) are visited .,4,,,,,,,,,,,,,,,
 ShitMyReviews,,"A good deal of effort has been expended here, but to what end?",2,,,,,,,,,,,,,,,
ICLR,rypT3fb0b_R3,"Minor point : - p.5 , in the definition of prox Q ( epsilon ) , the subscript for the argmin should be nu , not theta .",3,,,,,,,,,,,,,,,
ICLR,B12Js_yRb_R1,The paper didnt study what is the recall of the proposals and how sensitive the threshold is .,4,,,,,,,,,,,,,,,
 ShitMyReviews,,"I appreciated how the author seemingly had in mind that a goodly percentage of
 
 
 the readership are not native speakers, so anything too academic
 
 
 or erudite might be lost on them.",3,,,,,,,,,,,,,,,
ICLR,B1EGg7ZCb_R1,"The paper is quite poorly written in places , has poor formatting, and is highly inadequate in its treatment of related work as if any efforts were put to work .",3,,,,,,,,,,,,,,,
ICLR,SySpa-Z0Z_R1,Maybe discuss it and the differences ( if any ) in the related work section ?,3,,,,,,,,,,,,,,,
Publons,Prot-00335-2020.R1,My questions have been carefully answered or discussed.,3,https://publons.com/wos-op/review/10495539,,,,,,,,,,,,,,
ICLR,HytSvlWRZ_R3,"In Section 4.2 , the real dataset is rather small thus the results on this small dataset were not convincing enough .",3,,,,,,,,,,,,,,,
ICLR,B18WgG-CZ_R1,I feel the motivation for this is lacking .,2,,,,,,,,,,,,,,,
NIPS,138,This paper is well written. The proposed idea is sound. Introducing memory augmented encoder-decoder is interesting work.,4,,,,,,,,,,,,,,,
 ShitMyReviews,,"The paper is blithely silent on the kinds of issues that occupy yards of library shelf-space, [and goes] well beyond what is warranted by the data.",4,,,,,,,,,,,,,,,
 ShitMyReviews,,"Unless and until more appropriate methods are employed, it is impossible to judge the claims of the authors although, based on previous results, there is real reason to believe that the claims may pan out in some generic sense.",3,,,,,,,,,,,,,,,
 ShitMyReviews,,"There is potentially an interesting essay to be written about [x], but this one isn't it",2,,,,,,,,,,,,,,,
 ShitMyReviews,,Perhaps what you have written is deflating.,1,,,,,,,,,,,,,,,
ICLR,B1G6uM0WG_R2,"Meanwhile , the evaluation could be improved with the use of a better baseline ( e.g . , using an existing planning framework such as a predictive RRT that plans to the goal ) .",3,,,,,,,,,,,,,,,
Publons,IGJPS-2020-MSA-0344,"Minor corrections may be required.
 
 Reference style may be required as per guideline.",3,https://publons.com/wos-op/review/7824638,,,,,,,,,,,,,,
ICLR,HymYLebCb_R1,This is a little too unprincipled for my taste .,3,,,,,,,,,,,,,,,
ICLR,Hyp3i2xRb_R2,4 . The experimental results are not convincing .,3,,,,,,,,,,,,,,,
 ShitMyReviews,,"Your piece is very well written and researched. I think the is interesting, but not particularly useful.",2,,,,,,,,,,,,,,,
 ShitMyReviews,,"Overall, the superheated sense of justification and self-advertising on display here are simply demeaning.",2,,,,,,,,,,,,,,,
 ShitMyReviews,,"Line 156-160; this is the only correct, sensible and interesting finding of the paper.",3,,,,,,,,,,,,,,,
 ShitMyReviews,,"Returning to the introduction, the study rationale is unclear, the exact research question to be addressed poorly delineated and the overall motivation for the study poorly linked to the literature summary and aims of the study.",4,,,,,,,,,,,,,,,
Publons,ITEES-20-1671.R1,The current version of paper is suitable for the further processes of publication.,4,https://publons.com/wos-op/review/10334908,,,,,,,,,,,,,,
ICLR,ryykVe-0W_R3,Two methods are proposed for drawing samples from the products of marginals .,3,,,,,,,,,,,,,,,
ICLR,rytstxWAW_R1,"In the probabilistic framework defined by the authors it is impossible to cover domain of P , unless whole V is observed .",3,,,,,,,,,,,,,,,
ICLR,HytSvlWRZ_R1,"Differently from previous applications of machine learning in neurodegeneration modeling , the proposed approach models the clinical data accounting for the bounded nature of cognitive tests scores .",4,,,,,,,,,,,,,,,
 ShitMyReviews,,You were either in a rush or you do not care too much about getting your paper accepted,2,,,,,,,,,,,,,,,
ICLR,B1EVwkqTW_R2,I am not sure why you do not evaluate on mini imagenet as well as most work on few shot learning generally do .,2,,,,,,,,,,,,,,,
ICLR,ryserbZR-_R1,"So , the main contribution here , is to adapt min max MIL to the histology domain .",3,,,,,,,,,,,,,,,
 ShitMyReviews,,"This is clearly a submission that needs to be shredded, burned, and the ashes buried in multiple locations",1,,,,,,,,,,,,,,,
 ShitMyReviews,,This paper is written.,3,,,,,,,,,,,,,,,
ICLR,rytstxWAW_R1,I would appreciate if authors were more upfront about the challenges of the problem they formulated and limitations of their results .,4,,,,,,,,,,,,,,,
ICLR,HymuJz-A-_R2,Quality : Im intrigued by but a little uncomfortable with the generalization metrics that the authors use .,2,,,,,,,,,,,,,,,
ICLR,BJDEbngCZ_R2,""" I find this paper not suitable for ICLR .",4,,,,,,,,,,,,,,,
ICLR,HylgYB3pZ_R3,"In Figure ( 7 ) , LCW seems to avoid gradient vanishing but introduces gradient exploding problem .",3,,,,,,,,,,,,,,,
ICLR,rk3pnae0b_R2,"However , as I pointed out above , there are several weaknesses in the paper .",3,,,,,,,,,,,,,,,
 ShitMyReviews,,I do not believe or trust the data presented or the underlying thesis.,2,,,,,,,,,,,,,,,
ICLR,SySpa-Z0Z_R1,A couple of things that could be improved : - The abstract claims to ground the ANR in the variational dropout framework .,4,,,,,,,,,,,,,,,
 ShitMyReviews,,I suggest you consult a competent statistical advisor.,2,,,,,,,,,,,,,,,
ICLR,SyUkxxZ0b_R1,"Also , the term epsilon norm ball is not commonly used in adversarial literature , and the only reference to such papers is Madry et al , ( 2017 ) , which is only on Ar Xiv and not widely known if these types of adversarial examples are often studied as claimed , there should be other / more established references to cite here .",3,,,,,,,,,,,,,,,
Publons,IGJPS-2020-MSA-0332,minor corrections may be required.,3,https://publons.com/wos-op/review/7699619,,,,,,,,,,,,,,
ICLR,B16yEqkCZ_R1,"The paper also does not compare to any other techniques that attempt to deal with catastrophic forgetting and/or the changing state distribution ( [ 1,2 ] ) .",3,,,,,,,,,,,,,,,
Publons,JCOP-21-038.R1,The manuscript incorporates the requirements indicated in the first evaluation. I consider that it is in publication conditions,3,https://publons.com/wos-op/review/11795381,,,,,,,,,,,,,,
ICLR,Hyp3i2xRb_R3,It also achieves a very good performance on sequential and permuted MNIST and achieves SOTA performance on b Ab I .,4,,,,,,,,,,,,,,,
 ShitMyReviews,,Also more information is needed for the reader to be able the information on the standardized changes that is presented afterwards.,3,,,,,,,,,,,,,,,
NIPS,342,"The authors investigate the problem of graph reconstruction via random walks when partial information about node similarities is observed. The problem is very interesting from a data privacy perspective. The paper is well-written, clearly organized, and interesting. Having said that, I am not very well versed in the graph reconstruction or privacy literature, and feel that I cannot comment on the significance or originality of the work.",2,,,,,,,,,,,,,,,
ICLR,B1Gi6LeRZ_R2,The usefulness of the BC technique is proven to a certain extent ( see paragraph below ) but there is not comparison with state of the art .,3,,,,,,,,,,,,,,,
ICLR,HytSvlWRZ_R3,"3 . In synthetic data experiments ( Table1 ) , only small margins could be observed between SN , f MLP and rf MLP , and only Layer 1 of SN performs better above all others .",3,,,,,,,,,,,,,,,
ICLR,ryserbZR-_R3,"I would assume that experimental conditions ( training data , preprocessing , optimization , size of ensemble ) are kept constant in between those two comparisons ?",2,,,,,,,,,,,,,,,
 ShitMyReviews,,A classic instance of reinvention of the square wheel.,2,,,,,,,,,,,,,,,